search_keyword,id,inci_name,name,description,regulation,reference,cheminical_iupac_name,cas,einecs_elincs,cosmetic_restriction,score,percentage
behentrimonium chloride,18572,BEHENTRIMONIUM CHLORIDE,Behentrimonium chloride,"Behentrimonium Chloride is a quaternary ammonium mainly used in cosmetics as an anti-static agent or hair conditioner. It is used for its reasons mainly in hair care. It is forbidden in organic.

In 2010, in a report of opinions, the Scientific Committee for Consumer Safety (CSSC) concluded that ""In addition to the fact that quaternary ammonium derivative formulations have an irritating potential, especially when combinations of the compounds concerned The SCCS states that the use of CETRIMONIUM CHLORIDE, STEARTRIMONIUM CHLORIDE and BEHENTRIMONIUM CHLORIDE does not pose a risk to consumer health ""when used within the regulated concentration limits (see below).","The restrictions are dependent on the use of the ingredient in:
a) Rinsing products for hair and facial hair
b) Non-rinsing products for hair and facial hair
c) Products without rinsing for the face

The maximum permitted concentrations are:
(a) 5.0% for the individual concentration of behentrimonium chloride or the sum of the individual concentrations of cetrimonium chloride, steartrimonium chloride and behentrimonium chloride, while respecting the maximum concentration applicable for the sum of cetrimonium chloride and steartrimonium chloride as 'shown on line 286.

(b) 3,0% for the individual concentration of behentrimonium chloride or for the sum of the individual concentrations of cetrimonium chloride, steartrimonium chloride and behentrimonium chloride, while respecting the maximum concentration applicable for the sum of cetrimonium chloride and steartrimonium chloride such than indicated on line 286.

(c) 3,0% for the individual concentration of behentrimonium chloride or for the sum of the individual concentrations of cetrimonium chloride, steartrimonium chloride and behentrimonium chloride, while respecting the maximum concentration applicable for the sum of cetrimonium chloride and steartrimonium chloride such than indicated on line 286.

For purposes other than inhibiting the development of microorganisms in the product. This purpose must be apparent from the presentation of the product.","SCCS - OPINION ON ALKYL (C16, C18, C22) TRIMETHYLAMMONIUM CHLORIDE For other uses than as a preservative - (2010) http://ec.europa.eu/health/scientific_committees/consumer_safety/docs/sccs_o_012.pdf",,17301-53-0,241-327-0,V/44,5,3.07
