identifier,inci_name,search_keyword
7408,SODIUM LAURETH SULFATE,Sodium Laureth Sulfate
4719,SODIUM LAURETH-12 SULFATE,Sodium Laureth Sulfate
5932,SODIUM LAURETH-8 SULFATE,Sodium Laureth Sulfate
8260,SODIUM LAURETH-40 SULFATE,Sodium Laureth Sulfate
9449,SODIUM LAURETH-7 SULFATE,Sodium Laureth Sulfate
20438,SODIUM LAURETH-5 SULFATE,Sodium Laureth Sulfate
7408,SODIUM LAURETH SULFATE,Sodium Lauryl Sulfate
13057,SODIUM LAURYL SULFATE,Sodium Lauryl Sulfate
38268,SODIUM PPG-16/PEG-2 LAURYL ETHER SULFATE,Sodium Lauryl Sulfate
6903,COCAMIDOPROPYL BETAINE,Cocamidopropyl Betaine
36901,SODIUM COCOYL ISETHIONATE,Sodium Cocoyl Isethionate
65218,SODIUM COCOYL METHYL ISETHIONATE,Sodium Cocoyl Isethionate
1260,SODIUM HYDROGENATED COCOYL METHYL ISETHIONATE,Sodium Cocoyl Isethionate
3420,AMMONIUM LAURYL SULFATE,Ammonium Lauryl Sulfate
14740,SODIUM LAUROYL SARCOSINATE,Sodium Lauroyl Sarcosinate
8027,DECYL GLUCOSIDE,Decyl Glucoside
16776,COCO-GLUCOSIDE,Coco Glucoside
1379,DISODIUM COCO-GLUCOSIDE CITRATE,Coco Glucoside
8358,SODIUM COCO-GLUCOSIDE TARTRATE,Coco Glucoside
11156,PALM KERNEL/COCO GLUCOSIDE,Coco Glucoside
25881,ALKYLPOLYGLUCOSIDE C8-C16,Coco Glucoside
26729,COCO-GLUCOSIDE (AND) GLYCERYL OLEATE,Coco Glucoside
26728,COCO GLUCOSIDE AND GLYCERYL OLEATE ,Coco Glucoside
18635,DISODIUM COCO-GLUCOSIDE SULFOSUCCINATE,Coco Glucoside
8966,SODIUM BIS-HYDROXYETHYLGLYCINATE COCO-GLUCOSIDES CROSSPOLYMER,Coco Glucoside
26756,SODIUM COCOAMPHOACETATE (AND) GLYCERIN (AND) LAURYL GLUCOSIDE (AND) SODIUM COCOYL GLUTAMATE (AND) SODIUM LAURYL GLUCOSE CARBOXYLATE,Coco Glucoside
28064,CETEARYL ALCOHOL (AND) COCO-GLUCOSIDE,Coco Glucoside
16499,DISODIUM LAURETH SULFOSUCCINATE,Disodium Laureth Sulfosuccinate
15587,DISODIUM LAURETH-6 SULFOSUCCINATE,Disodium Laureth Sulfosuccinate
3746,POLYQUATERNIUM-10,Polyquaternium-10
1752,POLYQUATERNIUM-10/PHOSPHORYLCHOLINE GLYCOL ACRYLATE COPOLYMER,Polyquaternium-10
11708,POLYQUATERNIUM-107,Polyquaternium-10
11262,POLYQUATERNIUM-100,Polyquaternium-10
20641,POLYQUATERNIUM-103,Polyquaternium-10
4408,POLYQUATERNIUM-7,Polyquaternium-7
11800,POLYQUATERNIUM-70,Polyquaternium-7
16100,POLYQUATERNIUM-76,Polyquaternium-7
20066,POLYQUATERNIUM-72,Polyquaternium-7
8288,POLYQUATERNIUM-73,Polyquaternium-7
16473,POLYQUATERNIUM-74,Polyquaternium-7
17284,POLYQUATERNIUM-71,Polyquaternium-7
18011,POLYQUATERNIUM-78,Polyquaternium-7
11894,POLYQUATERNIUM-77,Polyquaternium-7
15462,POLYQUATERNIUM-75,Polyquaternium-7
15269,POLYQUATERNIUM-22,Polyquaternium-22
16583,DIMETHICONE,Dimethicone
17219,DIMETHICONE/VINYL DIMETHICONE CROSSPOLYMER,Dimethicone
3917,CETYL PEG/PPG-10/1 DIMETHICONE,Dimethicone
9893,DIMETHICONE CROSSPOLYMER,Dimethicone
2173,PEG-10 DIMETHICONE,Dimethicone
5248,PEG-12 DIMETHICONE,Dimethicone
7013,PEG/PPG-18/18 DIMETHICONE,Dimethicone
21080,VINYL DIMETHICONE/METHICONE SILSESQUIOXANE CROSSPOLYMER,Dimethicone
6644,HYDROGEN DIMETHICONE,Dimethicone
10845,BIS-AMINOPROPYL DIMETHICONE,Dimethicone
6602,ACRYLATES/DIMETHICONE COPOLYMER,Dimethicone
10982,CETYL DIMETHICONE,Dimethicone
5722,DIMETHICONE/PEG-10/15 CROSSPOLYMER,Dimethicone
18368,LAURYL PEG-9 POLYDIMETHYLSILOXYETHYL DIMETHICONE,Dimethicone
4314,TRIMETHYLSILOXYPHENYL DIMETHICONE,Dimethicone
2058,BIS-PEG/PPG-14/14 DIMETHICONE,Dimethicone
1209,STEARYL DIMETHICONE,Dimethicone
20653,PEG-9 POLYDIMETHYLSILOXYETHYL DIMETHICONE,Dimethicone
17463,METHOXY PEG/PPG-7/3 AMINOPROPYL DIMETHICONE,Dimethicone
11772,DIPHENYL DIMETHICONE,Dimethicone
12355,C30-45 ALKYL DIMETHICONE,Dimethicone
7939,DIVINYLDIMETHICONE/DIMETHICONE COPOLYMER,Dimethicone
14239,TRIETHOXYSILYLETHYL POLYDIMETHYLSILOXYETHYL DIMETHICONE,Dimethicone
21550,PEG-8 DIMETHICONE,Dimethicone
20580,CYCLOPENTASILOXANE,Cyclopentasiloxane
28641,CYCLOPENTASILOXANE (AND) DIMETHICONE,Cyclopentasiloxane
18515,TRIFLUOROPROPYL CYCLOPENTASILOXANE,Cyclopentasiloxane
8189,AMODIMETHICONE,Amodimethicone
20023,AMODIMETHICONE/MORPHOLINOMETHYL SILSESQUIOXANE COPOLYMER,Amodimethicone
16327,BIS-CETEARYL AMODIMETHICONE,Amodimethicone
10924,BIS(C13-15 ALKOXY) PG-AMODIMETHICONE,Amodimethicone
18127,BIS-HYDROXY/METHOXY AMODIMETHICONE,Amodimethicone
13131,PEG-7 AMODIMETHICONE,Amodimethicone
1802,TRIDECETH-9 PG-AMODIMETHICONE,Amodimethicone
4014,METHOXY AMODIMETHICONE/SILSESQUIOXANE COPOLYMER,Amodimethicone
6635,AMODIMETHICONE/SILSESQUIOXANE COPOLYMER,Amodimethicone
19723,BIS-ISOBUTYL PEG/PPG-20/35/AMODIMETHICONE COPOLYMER,Amodimethicone
39195,BUTOXY PEG-4 PG-AMODIMETHICONE,Amodimethicone
20315,PERFLUORONONYL DIMETHICONE/METHICONE/AMODIMETHICONE CROSSPOLYMER,Amodimethicone
37119,GLUCONAMIDO AMODIMETHICONE,Amodimethicone
11766,PG-AMODIMETHICONE,Amodimethicone
11813,PEG-8 AMODIMETHICONE,Amodimethicone
20478,BIS-ISOBUTYL PEG-14/AMODIMETHICONE COPOLYMER,Amodimethicone
41772,CETYL AMODIMETHICONE,Amodimethicone
100133,BIS-HYDROXY/METHOXY/METHYL AMODIMETHICONE CROSSPOLYMER,Amodimethicone
18044,ACRYLATES/OCTYLACRYLAMIDE/DIPHENYL AMODIMETHICONE COPOLYMER,Amodimethicone
9491,BIS-ISOBUTYL PEG-15/AMODIMETHICONE COPOLYMER,Amodimethicone
6832,GLYCERIN,Glycerin
2011,CAPRYLOYL GLYCERIN/SEBACIC ACID COPOLYMER,Glycerin
7129,PHTHALIC ANHYDRIDE/GLYCERIN/GLYCIDYL DECANOATE COPOLYMER,Glycerin
3343,PEG/PPG/POLYBUTYLENE GLYCOL-8/5/3 GLYCERIN,Glycerin
20945,TRIMETHYLPENTANEDIOL/ADIPIC ACID/GLYCERIN CROSSPOLYMER,Glycerin
1709,MENTHONE GLYCERIN ACETAL,Glycerin
13487,PALMITOYL HYDROXYPROPYLTRIMONIUM AMYLOPECTIN/GLYCERIN CROSSPOLYMER,Glycerin
65419,CAPRYLOYL GLYCERIN,Glycerin
14875,GLYCERIN/OXYBUTYLENE COPOLYMER STEARYL ETHER,Glycerin
1633,ADIPIC ACID/DIETHYLENE GLYCOL/GLYCERIN CROSSPOLYMER,Glycerin
8790,GLYCIDYL C8-11 ACIDATE/GLYCERIN/PHTHALIC ANHYDRIDE COPOLYMER,Glycerin
12053,OZONIZED GLYCERIN,Glycerin
137952,C12-18 ALKANOYL GLYCERIN/SEBACIC ACID COPOLYMER,Glycerin
26756,SODIUM COCOAMPHOACETATE (AND) GLYCERIN (AND) LAURYL GLUCOSIDE (AND) SODIUM COCOYL GLUTAMATE (AND) SODIUM LAURYL GLUCOSE CARBOXYLATE,Glycerin
15679,CAPRYLYL GLYCOL/GLYCERIN/POLYACRYLIC ACID COPOLYMER,Glycerin
88455,HYDROXYSTEARIC ACID/ADIPIC ACID/GLYCERIN CROSSPOLYMER,Glycerin
15963,GLYCERIN DIMETHYL ETHER,Glycerin
19051,GLYCERIN/MA/ROSIN ACID COPOLYMER,Glycerin
1657,ETHYL GLYCERIN ACETAL LEVULINATE,Glycerin
26757,DIHEPTYL SUCCINATE (AND) CAPRYLOYL GLYCERIN/SEBACIC ACID COPOLYMER,Glycerin
1312,GLYCERIN/PHTHALIC ACID COPOLYMER HYDROXYPROPYL C9-11 ISOALKYL ACIDATE,Glycerin
5791,PANTHENOL,Panthenol
4328,ALLANTOIN PANTHENOL,Panthenol
21179,DIMETHICONOL PANTHENOL,Panthenol
8559,SILICONE QUATERNIUM-2 PANTHENOL SUCCINATE,Panthenol
16637,HYDROLYZED WHEAT PROTEIN,Hydrolyzed Wheat Protein
6841,HYDROXYPROPYLTRIMONIUM HYDROLYZED WHEAT PROTEIN,Hydrolyzed Wheat Protein
17357,POTASSIUM PALMITOYL HYDROLYZED WHEAT PROTEIN,Hydrolyzed Wheat Protein
713,LAURDIMONIUM HYDROXYPROPYL HYDROLYZED WHEAT PROTEIN,Hydrolyzed Wheat Protein
18284,SODIUM COCOYL HYDROLYZED WHEAT PROTEIN,Hydrolyzed Wheat Protein
14815,COCODIMONIUM HYDROXYPROPYL HYDROLYZED WHEAT PROTEIN,Hydrolyzed Wheat Protein
6504,HYDROLYZED WHEAT PROTEIN/PVP CROSSPOLYMER,Hydrolyzed Wheat Protein
14005,HYDROLYZED WHEAT PROTEIN PG-PROPYL SILANETRIOL,Hydrolyzed Wheat Protein
4821,POTASSIUM OLIVOYL HYDROLYZED WHEAT PROTEIN,Hydrolyzed Wheat Protein
19095,OLIVOYL HYDROLYZED WHEAT PROTEIN,Hydrolyzed Wheat Protein
16887,ETHYLTRIMONIUM CHLORIDE METHACRYLATE/HYDROLYZED WHEAT PROTEIN COPOLYMER,Hydrolyzed Wheat Protein
17060,PALMITOYL HYDROLYZED WHEAT PROTEIN,Hydrolyzed Wheat Protein
18963,AMP-ISOSTEAROYL HYDROLYZED WHEAT PROTEIN,Hydrolyzed Wheat Protein
8403,POTASSIUM UNDECYLENOYL HYDROLYZED WHEAT PROTEIN,Hydrolyzed Wheat Protein
21110,POTASSIUM COCOYL HYDROLYZED WHEAT PROTEIN,Hydrolyzed Wheat Protein
6794,STEARDIMONIUM HYDROXYPROPYL HYDROLYZED WHEAT PROTEIN,Hydrolyzed Wheat Protein
5072,GLYOXYLOYL HYDROLYZED WHEAT PROTEIN/SERICIN,Hydrolyzed Wheat Protein
19122,WHEAT GERMAMIDOPROPYLDIMONIUM HYDROXYPROPYL HYDROLYZED WHEAT PROTEIN,Hydrolyzed Wheat Protein
38009,SODIUM COCOYL/OLIVOYL HYDROLYZED OAT/WHEAT PROTEIN,Hydrolyzed Wheat Protein
11248,COCOYL HYDROLYZED WHEAT PROTEIN,Hydrolyzed Wheat Protein
5992,HYDROLYZED WHEAT PROTEIN PG-PROPYL METHYLSILANEDIOL,Hydrolyzed Wheat Protein
28643,HYDROLYZED CORN PROTEIN (AND) HYDROLYZED WHEAT PROTEIN (AND) HYDROLYZED SOY PROTEIN,Hydrolyzed Wheat Protein
13217,SODIUM COCOYL HYDROLYZED WHEAT PROTEIN GLUTAMATE,Hydrolyzed Wheat Protein
19574,QUATERNIUM-79 HYDROLYZED WHEAT PROTEIN,Hydrolyzed Wheat Protein
14390,HYDROLYZED SILK,Hydrolyzed Silk Protein
9914,KERATIN AMINO ACIDS,Keratin Amino Acids
14731,GLYOXYLOYL KERATIN AMINO ACIDS,Keratin Amino Acids
852,AMP-ISOSTEAROYL GELATIN/KERATIN AMINO ACIDS/LYSINE HYDROXYPROPYLTRIMONIUM CHLORIDE,Keratin Amino Acids
18252,GELATIN/KERATIN AMINO ACIDS/LYSINE HYDROXYPROPYLTRIMONIUM CHLORIDE,Keratin Amino Acids
87774,HAIR KERATIN AMINO ACIDS,Keratin Amino Acids
9499,CAPRYLOYL KERATIN AMINO ACIDS,Keratin Amino Acids
18717,BIOTIN,Biotin
11667,BIOTINOYL TRIPEPTIDE-1,Biotin
8779,BIOTIN/FOLIC ACID/CYANOCOBALAMIN/NIACINAMIDE/PANTOTHENIC ACID/PYRIDOXINE/RIBOFLAVIN/THIAMINE/YEAST POLYPEPTIDES,Biotin
9721,BIOTINOYL HEXAPEPTIDE-2 AMIDE,Biotin
14746,ALLANTOIN BIOTIN,Biotin
13375,ETHYL BIOTINATE,Biotin
4842,NIACINAMIDE,Niacinamide
8779,BIOTIN/FOLIC ACID/CYANOCOBALAMIN/NIACINAMIDE/PANTOTHENIC ACID/PYRIDOXINE/RIBOFLAVIN/THIAMINE/YEAST POLYPEPTIDES,Niacinamide
39532,METHYL NIACINAMIDE CHLORIDE,Niacinamide
17650,NIACINAMIDE/YEAST POLYPEPTIDE,Niacinamide
37912,SACCHAROMYCES/NIACINAMIDE FERMENT LYSATE FILTRATE,Niacinamide
20356,CAFFEINE,Caffeine
7191,CAFFEINE CARBOXYLIC ACID,Caffeine
38706,CAFFEINE SALICYLATE,Caffeine
12468,CAFFEINE BENZOATE,Caffeine
2772,SALICYLIC ACID,Salicylic Acid
406,CAPRYLOYL SALICYLIC ACID,Salicylic Acid
54468,ACETYL SALICYLIC ACID,Salicylic Acid
16715,ZINC PYRITHIONE,Zinc Pyrithione
140379,KETOCONAZOLE,Ketoconazole
1736,SELENIUM SULFIDE,Selenium Sulfide
13102,PIROCTONE OLAMINE,Piroctone Olamine
10094,CLIMBAZOLE,Climbazole
10810,SULFUR,Sulfur
11412,SULFURIC ACID,Sulfur
2922,COLLOIDAL SULFUR,Sulfur
16635,SULFURIZED TEA-RICINOLEATE,Sulfur
45277,"SULFURIC ACID,MONO-C12-14(EVEN NUMBERED)-ALKYL ESTERS,AMMONIUM SALTS",Sulfur
19762,PHENOXYETHANOL,Phenoxyethanol
27942,PHENOXYETHANOL (AND) METHYLISOTHIAZOLINONE,Phenoxyethanol
21246,METHYLCHLOROISOTHIAZOLINONE,Methylchloroisothiazolinone
28695,METHYLCHLOROISOTHIAZOLINONE (AND) METHYLISOTHIAZOLINONE,Methylchloroisothiazolinone
2662,METHYLISOTHIAZOLINONE,Methylisothiazolinone
27942,PHENOXYETHANOL (AND) METHYLISOTHIAZOLINONE,Methylisothiazolinone
28695,METHYLCHLOROISOTHIAZOLINONE (AND) METHYLISOTHIAZOLINONE,Methylisothiazolinone
6427,BENZYL ALCOHOL,Benzyl Alcohol
10856,POTASSIUM SORBATE,Potassium Sorbate
1498,SODIUM BENZOATE,Sodium Benzoate
2764,DMDM HYDANTOIN,DMDM Hydantoin
9548,FORMALDEHYDE,Formaldehyde
12844,TOSYLAMIDE/FORMALDEHYDE RESIN,Formaldehyde
5100,FORMALDEHYDE/MELAMINE/TOSYLAMIDE COPOLYMER,Formaldehyde
16453,BENZOGUANAMINE/FORMALDEHYDE/MELAMINE CROSSPOLYMER,Formaldehyde
15118,FORMALDEHYDE CYCLODECYL ETHYL ACETAL,Formaldehyde
9926,IODOPROPYNYL BUTYLCARBAMATE,Iodopropynyl Butylcarbamate
1422,CHLORPHENESIN,Chlorphenesin
10398,TRICLOSAN,Triclosan
3559,IMIDAZOLIDINYL UREA,Imidazolidinyl Urea
58073,BIS(HYDROXYMETHYL)IMIDAZOLIDINYL UREA,Imidazolidinyl Urea
15172,DIAZOLIDINYL UREA,Diazolidinyl Urea
15691,BENZALKONIUM CHLORIDE,Benzalkonium Chloride
5327,PROPYLENE GLYCOL,Propylene Glycol
1946,PROPYLENE GLYCOL DICAPRYLATE/DICAPRATE,Propylene Glycol
9741,PEG-55 PROPYLENE GLYCOL OLEATE,Propylene Glycol
792,PROPYLENE GLYCOL DICAPRATE,Propylene Glycol
10871,PROPYLENE GLYCOL DIBENZOATE,Propylene Glycol
6298,PROPYLENE GLYCOL STEARATE,Propylene Glycol
20165,PROPYLENE GLYCOL STEARATE SE,Propylene Glycol
18686,PROPYLENE GLYCOL LAURATE,Propylene Glycol
15086,PROPYLENE GLYCOL DIPELARGONATE,Propylene Glycol
27972,PROPYLENE GLYCOL DIHEPTANOATE,Propylene Glycol
16073,PROPYLENE GLYCOL DICAPRYLATE,Propylene Glycol
37639,PROPYLENE GLYCOL/SEBACIC ACID/TRIMELLITIC ANHYDRIDE COPOLYMER,Propylene Glycol
5410,PROPYLENE GLYCOL ISOSTEARATE,Propylene Glycol
15040,PROPYLENE GLYCOL CAPRYLATE,Propylene Glycol
5645,PROPYLENE GLYCOL DIETHYLHEXANOATE,Propylene Glycol
2558,PROPYLENE GLYCOL ALGINATE,Propylene Glycol
10734,PROPYLENE GLYCOL BUTYL ETHER,Propylene Glycol
20650,PROPYLENE GLYCOL ISOCETETH-3 ACETATE,Propylene Glycol
1629,PROPYLENE GLYCOL MYRISTYL ETHER ACETATE,Propylene Glycol
1502,PROPYLENE GLYCOL RICINOLEATE,Propylene Glycol
37269,CITRIC ACID/PROPYLENE GLYCOL/SUCCINIC ACID COPOLYMER LAURATE,Propylene Glycol
7424,PROPYLENE GLYCOL OLEATE,Propylene Glycol
7286,PROPYLENE GLYCOL MYRISTATE,Propylene Glycol
13744,PROPYLENE GLYCOL CETETH-3 ACETATE,Propylene Glycol
5877,CITRIC ACID,Citric Acid
37269,CITRIC ACID/PROPYLENE GLYCOL/SUCCINIC ACID COPOLYMER LAURATE,Citric Acid
88139,CAPROYL CITRIC ACID/PROPYLENE GLYCOL/SUCCINIC ACID COPOLYMER,Citric Acid
14879,LACTIC ACID,Lactic Acid
9345,LACTIC ACID/GLYCOLIC ACID COPOLYMER,Lactic Acid
18525,SODIUM HYDROXIDE,Sodium Hydroxide
19316,POTASSIUM HYDROXIDE,Potassium Hydroxide
4987,MAGNESIUM/POTASSIUM/SILICON/FLUORIDE/HYDROXIDE/OXIDE,Potassium Hydroxide
12854,TRIETHANOLAMINE,Triethanolamine
44808,"FATTY ACIDS, C12-18 AND C18-UNSATD., REACTION PRODUCTS WITH TRIETHANOLAMINE",Triethanolamine
45247,"FATTY ACIDS, C18 UNSATD., REACTION PRODUCTS WITH TRIETHANOLAMINE, DI-ME SULFATE-QUATERNIZED",Triethanolamine
45212,"FATTY ACIDS,C16-18 AND C18 UNSAT.,REACTION PRODUCTS WITH TRIETHANOLAMINE,DI-ME SULFATE QUATERNIZED",Triethanolamine
4161,SODIUM CARBONATE,Sodium Carbonate
2998,SODIUM CARBONATE PEROXIDE,Sodium Carbonate
16615,AMMONIUM HYDROXIDE,Ammonium Hydroxide
1152,PHOSPHORIC ACID,Phosphoric Acid
11412,SULFURIC ACID,Sulfuric Acid
45277,"SULFURIC ACID,MONO-C12-14(EVEN NUMBERED)-ALKYL ESTERS,AMMONIUM SALTS",Sulfuric Acid
17940,MALIC ACID,Malic Acid
6078,TARTARIC ACID,Tartaric Acid
18733,PARFUM,Parfum
10386,BENZYL SALICYLATE,Benzyl Salicylate
15282,LINALOOL,Linalool
1754,CINNAMOMUM CAMPHORA LINALOOLIFERUM WOOD OIL,Linalool
20393,ETHYL LINALOOL,Linalool
11617,CINNAMOMUM CAMPHORA LINALOOLIFERUM LEAF OIL,Linalool
10581,CINNAMOMUM CAMPHORA LINALOOLIFERUM WOOD EXTRACT,Linalool
40658,CINNAMOMUM CAMPHORA LINALOOLIFERA LEAF OIL,Linalool
131329,METHYL LINALOOL,Linalool
17979,CINNAMOMUM CAMPHORA LINALOOLIFERUM LEAF EXTRACT,Linalool
14435,LINALOOL ACID ISOMERIZED,Linalool
5848,LINALOOL DIHYDROEPOXIDE,Linalool
20246,CINNAMOMUM CAMPHORA LINALOOLIFERUM ROOT OIL,Linalool
3662,LINALOOL OXIDE,Linalool
6185,GERANYL LINALOOL,Linalool
19372,LIMONENE,Limonene
2699,D-LIMONENE,Limonene
5315,"D,L-LIMONENE",Limonene
14666,L-LIMONENE,Limonene
19435,CITRONELLOL,Citronellol
6561,GERANIOL,Geraniol
20583,EUGENOL,Eugenol
19040,ISOEUGENOL,Eugenol
26897,METHYL EUGENOL,Eugenol
19953,COUMARIN,Coumarin
17465,6-METHYL COUMARIN,Coumarin
11665,VANILLIN,Vanillin
14795,ETHYL VANILLIN,Vanillin
5094,CINNAMYL ALCOHOL,Cinnamyl Alcohol
20286,GUAR HYDROXYPROPYLTRIMONIUM CHLORIDE,Guar Hydroxypropyltrimonium Chloride
10445,HYDROXYPROPYL GUAR HYDROXYPROPYLTRIMONIUM CHLORIDE,Guar Hydroxypropyltrimonium Chloride
20286,GUAR HYDROXYPROPYLTRIMONIUM CHLORIDE,Hydroxypropyl Guar
10445,HYDROXYPROPYL GUAR HYDROXYPROPYLTRIMONIUM CHLORIDE,Hydroxypropyl Guar
8233,HYDROXYPROPYL GUAR,Hydroxypropyl Guar
10354,C18-22 HYDROXYALKYL HYDROXYPROPYL GUAR,Hydroxypropyl Guar
13663,CARBOXYMETHYL HYDROXYPROPYL GUAR,Hydroxypropyl Guar
3830,HYDROXYETHYLCELLULOSE,Hydroxyethylcellulose
9776,CETYL HYDROXYETHYLCELLULOSE,Hydroxyethylcellulose
20898,PG-HYDROXYETHYLCELLULOSE COCODIMONIUM CHLORIDE,Hydroxyethylcellulose
969,CARBOXYMETHYL HYDROXYETHYLCELLULOSE,Hydroxyethylcellulose
13099,METHYL HYDROXYETHYLCELLULOSE,Hydroxyethylcellulose
292,PG-HYDROXYETHYLCELLULOSE STEARYLDIMONIUM CHLORIDE,Hydroxyethylcellulose
5063,SODIUM STEAROXY PG-HYDROXYETHYLCELLULOSE SULFONATE,Hydroxyethylcellulose
16105,PG-HYDROXYETHYLCELLULOSE LAURYLDIMONIUM CHLORIDE,Hydroxyethylcellulose
13165,CARBOMER,Carbomer
11005,SODIUM CARBOMER,Carbomer
17713,TEA-CARBOMER,Carbomer
26442,CARBOMER/PAPAIN CROSSPOLYMER,Carbomer
20669,POTASSIUM CARBOMER,Carbomer
44475,POLYETHYLENE GLYCOL,Polyethylene Glycol
26838,POLYETHYLENE GLYCOL 35000,Polyethylene Glycol
9277,COCAMIDE DEA,Cocamide DEA
6801,COCAMIDE MEA,Cocamide MEA
19719,COCAMIDE METHYL MEA,Cocamide MEA
21041,LAURAMIDE DEA,Lauramide DEA
21367,LAURAMIDE/MYRISTAMIDE DEA,Lauramide DEA
14861,DISODIUM EDTA,EDTA
16962,TETRASODIUM EDTA,EDTA
4101,EDTA,EDTA
15337,TRISODIUM EDTA,EDTA
18204,DIPOTASSIUM EDTA,EDTA
10055,CALCIUM DISODIUM EDTA,EDTA
739,DISODIUM EDTA-COPPER,EDTA
12186,TRIPOTASSIUM EDTA,EDTA
9811,TOCOPHERYL ACETATE,Tocopheryl Acetate
10971,ASCORBYL TOCOPHERYL ACETATE,Tocopheryl Acetate
12447,COCAMIDOPROPYL HYDROXYSULTAINE,Cocamidopropyl Hydroxysultaine
17366,SODIUM COCOAMPHOACETATE,Sodium Cocoamphoacetate
26756,SODIUM COCOAMPHOACETATE (AND) GLYCERIN (AND) LAURYL GLUCOSIDE (AND) SODIUM COCOYL GLUTAMATE (AND) SODIUM LAURYL GLUCOSE CARBOXYLATE,Sodium Cocoamphoacetate
16357,PEG-150 DISTEARATE,PEG-150 Distearate
19459,POLYSORBATE 20,Polysorbate 20
3163,MENTHYL LACTATE,Menthyl Lactate
7080,PANTHENYL ETHYL ETHER,Panthenyl Ethyl Ether
2837,PANTHENYL ETHYL ETHER BENZOATE,Panthenyl Ethyl Ether
5555,AQUA,Water
14,ROSA DAMASCENA FLOWER WATER,Water
16749,HYDROGEN PEROXIDE,Water
992,HAMAMELIS VIRGINIANA WATER,Water
11294,MARIS AQUA,Water
14744,CENTAUREA CYANUS FLOWER WATER,Water
6644,HYDROGEN DIMETHICONE,Water
3600,CITRUS AURANTIUM AMARA FLOWER WATER,Water
12494,HAMAMELIS VIRGINIANA LEAF WATER,Water
16470,ANTHEMIS NOBILIS FLOWER WATER,Water
3548,COCOS NUCIFERA WATER,Water
9839,LAVANDULA ANGUSTIFOLIA FLOWER WATER,Water
1404,CITRULLUS LANATUS FRUIT EXTRACT,Water
7955,CHAMOMILLA RECUTITA FLOWER WATER,Water
9575,ROSA CENTIFOLIA FLOWER WATER,Water
15447,SEA WATER EXTRACT,Water
3643,ALOE BARBADENSIS LEAF WATER,Water
4209,NASTURTIUM OFFICINALE EXTRACT,Water
18328,CAMELLIA SINENSIS LEAF WATER,Water
757,MENTHA PIPERITA LEAF WATER,Water
15837,NYMPHAEA ALBA FLOWER EXTRACT,Water
11831,CITRUS AURANTIUM DULCIS FRUIT WATER,Water
19665,HORDEUM VULGARE STEM WATER,Water
18935,MELISSA OFFICINALIS FLOWER/LEAF/STEM WATER,Water
